batiment_construction_id,geom_batiment_construction,reelle_geom_batiment_construction,cle_interop_adr
bdnb-bc-1115-BJGL-HY7G,"MULTIPOLYGON(((5.482819584685953 45.29631709238345,5.482731847354202 45.296353273604886,5.482728396220235 45.29635501047508,5.482736399999998 45.29636419999999,5.482794099999999 45.29642969999998,5.482794169508616 45.29642967148364,5.482793954147468 45.29642937081778,5.482801484814948 45.29642650099529,5.482801599211154 45.296426623400556,5.482801899999999 45.296426499999995,5.4828537 45.29640439999998,5.482904299999999 45.29638299999997,5.482881299999999 45.29636539999997,5.4828722 45.29635819999996,5.482864285554413 45.29635201920027,5.482846050546077 45.29633812603979,5.482820857825656 45.29631810420758,5.482819699999998 45.29631719999997,5.482819636654993 45.296317133685676,5.482819584685953 45.29631709238345)))",t,{38517_0345_00007}
bdnb-bc-111D-RG76-V7GK,"MULTIPOLYGON(((5.415711883640678 45.176760432264366,5.415706728474433 45.176788469775545,5.415757821866961 45.176791868044155,5.415793606716567 45.17679469681502,5.415817421491115 45.176668064227634,5.415699731716774 45.17665619826693,5.415685837632792 45.176717755873945,5.415719116441131 45.176721539746055,5.415711883640678 45.176760432264366)))",t,"{38117_0153_02822,38117_0153_02824}"
bdnb-bc-KCFS-ZDYC-D9D5,"MULTIPOLYGON(((5.723667037076529 45.42394615714447,5.723697446763673 45.423905923255425,5.723762132234337 45.423904351410386,5.723796408109528 45.42394301345211,5.723765998473706 45.423983247368206,5.72370131291137 45.423984819215505,5.723667037076529 45.42394615714447)))",f,{NULL}
