rnb_id;geom;bati;external_ids
BDG-CONSTR;POINT(2.33464636175324 48.863376473716414);POLYGON((2.335567506457323 48.86527682329017,2.333737188147865 48.863794276245784,2.335572829422773 48.862958671187045,2.334026055739656 48.862126337971404,2.335567506457323 48.86527682329017));"{""some_source"": ""1234""}"
